{
		"template": "Invoice",
		"filename": "valid{{ng}file-name-template.pdf",
		"outputfolder": "output/valid{{ng}}folder-name-template",
		"frm": {
			"markup": "<formly-form model='merge' fields='mergeFields' options='options' form='form'>"
		},
		"smtp": {
			"host": "Email Server Host",
			"port": "25",
			"userid": "From Email User ID",
			"userpassword": "From Email Password",
			"usessl": false,
			"usetls": false,
			"debug": false,
			"fromaddress": "from@emailaddress.com",
			"name": "From Name"
		},
		"email": {
			"to": "valid{{ng}template",
			"cc": "",
			"bcc": "",
			"subject": "test",
			"text": "Hello,how are you {{merge.name}}, did you receive my invoice on {{merge.date| date:'yyyy-MM-dd' }}",
			"sendhtml": true,
			"sendEmail":true,
			"html": "/template/email.html"
		},
		"doc": {
			"outputpdf": true,
			"attachpdf": true,
			"markup": "/template/document.html"
		}
}
